{
    "loss": [
        0.7196876193325605,
        0.5838546037290492,
        0.31325897557507676,
        0.06068377456918106,
        -0.1454154031913033
    ],
    "final_loss": -0.1454154031913033
}