{
    "loss": [
        0.7348834665266445,
        0.5268272942106547,
        0.26360652314672905,
        0.025732230937842188,
        -0.116378127429521
    ],
    "final_loss": -0.116378127429521
}