{
    "loss": [
        7.852996826171875,
        4.977828502655029,
        3.1583669185638428,
        2.0062966346740723,
        1.2763645648956299,
        0.8135981559753418,
        0.5200174450874329,
        0.33364149928092957,
        0.21523965895175934,
        0.13996616005897522,
        0.09207548946142197,
        0.06158297136425972,
        0.04215269163250923,
        0.029761431738734245,
        0.02185254730284214,
        0.01680035889148712,
        0.013570219278335571,
        0.011503198184072971,
        0.010179290547966957,
        0.009330586530268192,
        0.008786004967987537,
        0.008436246775090694,
        0.00821139570325613,
        0.00806671753525734,
        0.007973524741828442,
        0.007913447916507721,
        0.007874681614339352,
        0.007849637418985367,
        0.007833447307348251,
        0.007822967134416103,
        0.007816186174750328,
        0.007811784278601408,
        0.007808926049619913,
        0.00780706899240613,
        0.007805865257978439,
        0.007805079221725464,
        0.007804570719599724,
        0.007804238237440586,
        0.007804022636264563,
        0.007803879212588072,
        0.007803788408637047,
        0.0078037274070084095,
        0.007803684566169977,
        0.0078036608174443245,
        0.0078036426566541195,
        0.007803630083799362,
        0.0078036244958639145,
        0.007803619373589754,
        0.0078036170452833176,
        0.007803609594702721
    ],
    "final_loss": 0.007803609594702721
}